Category,Product Name,SKU,Availability,Estimate Availability
Bedroom,Aeris Nightstand,DOV18216-NATL,14,Arriving On Arriving On 12/18/2024
Bedroom,Maeva Ottoman,DOV34054-CAML,40,Arriving On Arriving On 11/20/2024
Bedroom,Alexsi Bed,DOV81003EK-CREM,10,
Bedroom,Winter Bench,DOV6922-IVRY,8,Arriving On Arriving On 01/19/2025
Bedroom,Wynne Desk,DOV6504-BRWN,12,Arriving On Arriving On 11/29/2024
Bedroom,Marcellina Dresser,DOV18205-WHTW,25,Arriving On Arriving On 11/16/2024
Bedroom,Ella Bench,DOV10795-LTNT,10,Arriving On Arriving On 11/11/2024
Bedroom,Emberly Nighstand,DOV6497-BLCK,3,Arriving On Arriving On 11/29/2024
Bedroom,Myron Bench,DOV34042-SAGE,10,Arriving On Arriving On 10/28/2024
Bedroom,Beatrix Bed,DOV3217EK-CREM,10,Arriving On Arriving On 11/23/2024
Bedroom,Agi Bed,DOV3216Q-CAML,10,Arriving On Arriving On 11/08/2024
Bedroom,Rosie Desk,DOV61038-BRWN,14,
Bedroom,Silvia Nightstand,DOV18203-LTGY,2,Arriving On Arriving On 10/28/2024
Bedroom,Brennan Desk,DOV5489-BURL,12,
Bedroom,Emmalyn Dresser,DOV18177-LTWW,30,Arriving On Arriving On 12/16/2024
Bedroom,Tricia Dresser,DOV18175-NATL,20,Arriving On Arriving On 10/28/2024
Bedroom,Tricia Nightstand,DOV18174-NATL,5,Arriving On Arriving On 10/28/2024
Bedroom,Tricia Bed,DOV18173EK-NATL,30,Arriving On Arriving On 11/11/2024
Bedroom,Maiya Dresser,DOV18172-LTGY,6,Arriving On At Port
Bedroom,Maiya Nightstand,DOV18171-LTGY,5,Arriving On Arriving On 10/28/2024
Bedroom,Maiya Bed,DOV18170Q-LTGY,10,
Bedroom,Silvia Bed,DOV18166EK-LTGY,38,
Bedroom,Roux Nightstand,DOV18164-LTWW,30,Arriving On Arriving On 12/02/2024
Bedroom,Roux Nightstand Double Drawer,DOV18163-LTWW,50,
Bedroom,Roux Dresser,DOV18162-LTWW,30,Arriving On Arriving On 12/16/2024
Bedroom,Roux Bed,DOV18161Q-LTWW,38,
Bedroom,Jordon Stool,DOV61024-CREM,10,Arriving On Arriving On 12/23/2024
Bedroom,Jacobs Bed,DOV24117EK-MSTD,10,Arriving On Arriving On 10/14/2024
Bedroom,Ronnie Bench,DOV15114-BRWN,6,Arriving On Arriving On 10/25/2024
Bedroom,Kenneth Bench Small,DOV34029S-CREM,8,Arriving On Arriving On 10/26/2024
Bedroom,Isaiah Bed,DOV60006Q-WHIT,3,Arriving On Arriving On 10/11/2024
Bedroom,Esben Stool,DOV7793-BLCK,20,Arriving On Arriving On 10/15/2024
Bedroom,Fie Nightstand,DOV7791-NATL,9,Arriving On Arriving On 12/14/2024
Bedroom,Kenneth Bench,DOV34029-CREM,13,Arriving On Arriving On 11/15/2024
Bedroom,Chaste Ottoman,DOV8595-NAWH,10,Arriving On Arriving On 01/13/2025
Bedroom,Fidel Bench,DOV6832,10,Arriving On Arriving On 12/24/2024
Bedroom,Muriel Bench,DOV6831,12,
Bedroom,Louisa Bed,DOV3215Q,10,Arriving On Arriving On 11/20/2024
Bedroom,Rumi Outdoor Bench,DOV26035,6,Arriving On Arriving On 11/27/2024
Bedroom,Alani Stool,BB224,10,Arriving On Arriving On 12/23/2024
Bedroom,Caesar Desk,DOV6416,10,Arriving On Arriving On 10/25/2024
Bedroom,Alaina Nightstand,BB201,2,Arriving On Arriving On 01/01/2025
Bedroom,Alaina Desk,BB198,7,Arriving On Arriving On 10/18/2024
Bedroom,Casa Bench,DOV34017,40,Arriving On Arriving On 11/20/2024
Bedroom,Casa Ottoman,DOV34018,10,Arriving On Arriving On 11/20/2024
Bedroom,Randolph Desk,DOV10390,11,Arriving On Arriving On 11/11/2024
Bedroom,Briar Bench,IT2073,10,Arriving On Arriving On 11/29/2024
Bedroom,Merwin Bench,DOV983B,4,Arriving On Arriving On 11/25/2024
Bedroom,Lorraine Nightstand Double Drawer,DOV7778,10,Arriving On Arriving On 12/21/2024
Bedroom,Lorraine Nightstand,DOV7777,6,Arriving On Arriving On 10/15/2024
Bedroom,Engels Bench,DOV6758,14,
Bedroom,Gasol Stool,DOV50052,18,
Bedroom,Aron Desk,DOV40008,8,
Bedroom,Kimari Bench,DOV3982,14,
Bedroom,Jolo Ottoman,DOV34008OT,26,Arriving On Arriving On 11/15/2024
Bedroom,Chilton Desk,DOV29015,6,Arriving On Arriving On 11/05/2024
Bedroom,Camila Bench,DOV25015BK,15,Arriving On Arriving On 12/09/2024
Bedroom,Camila Stool,DOV25014,12,
Bedroom,Atha Stool,DOV25010,12,
Bedroom,Lugano Nightstand,DOV18127,1,Arriving On Arriving On 11/22/2024
Bedroom,Orbina Bench,DOV10380,10,Arriving On Arriving On 11/23/2024
Bedroom,Orbina Desk,DOV10379BK,5,
Bedroom,Santino Outdoor Bench,DOV9301,10,Arriving On Arriving On 11/27/2024
Bedroom,Baldwin Bed,DOV5041EK,5,
Bedroom,Marlene Bed,DOV3189EK,11,
Bedroom,Fabio Bed,DOV3187EK,25,Arriving On At Port
Bedroom,Tobias Bed,DOV3186EK,5,Arriving On Arriving On 11/08/2024
Bedroom,Whitney Bed,DOV3145Q-TERR,16,
Bedroom,Bowman Outdoor Bench,DOV26023,8,Arriving On Arriving On 11/14/2024
Bedroom,Lugano Bed,DOV18125Q,76,
Bedroom,Aldwell Bed,DOV18064EK,33,
Bedroom,Holbrook Bed,DOV18009EK,30,Arriving On Arriving On 11/16/2024
Bedroom,Nantucket Nightstand,NE17,6,Arriving On Arriving On 01/15/2025
Bedroom,Merwin Desk,DOV978DK,4,
Bedroom,Jordan Bench,DOV9534,18,
Bedroom,Olaf Bench,DOV919,10,Arriving On Arriving On 11/25/2024
Bedroom,Verada Bench,DOV6669,10,Arriving On Arriving On 12/02/2024
Bedroom,Garrison Nightstand,DOV6323,10,Arriving On Arriving On 12/14/2024
Bedroom,Tivoli Desk,DOV5357,15,Arriving On Arriving On 10/18/2024
Bedroom,Evans Bench,DOV3208,12,
Bedroom,Alex Outdoor Bench,DOV26024,6,Arriving On Arriving On 11/14/2024
Bedroom,Blazer Outdoor Bench,DOV26007,4,Arriving On Arriving On 11/14/2024
Bedroom,Dennis Bench,DOV25012,10,Arriving On Arriving On 12/02/2024
Bedroom,Salazar Bench,DOV25011WH,12,
Bedroom,Juliette Nightstand,DOV24052,80,Arriving On Arriving On 10/14/2024
Bedroom,Juliette Dresser,DOV24051,26,Arriving On Arriving On 01/11/2025
Bedroom,Lugano Nightstand,DOV18128,10,Arriving On Arriving On 10/28/2024
Bedroom,Lugano Dresser,DOV18126,12,Arriving On At Port
Bedroom,Bern Nightstand,DOV18124,48,
Bedroom,Bern Dresser,DOV18123,14,
Bedroom,Balmer Nightstand,DOV18088,8,
Bedroom,Balmer Dresser,DOV18086,33,
Bedroom,Aldwell Nightstand,DOV18067,69,
Bedroom,Aldwell Dresser,DOV18065,39,
Bedroom,Holbrook Nightstand,DOV18012,50,Arriving On Arriving On 11/16/2024
Bedroom,Holbrook Dresser,DOV18010,15,Arriving On Arriving On 12/18/2024
Bedroom,Clancy Nightstand,DOV18007,30,Arriving On Arriving On 11/27/2024
Bedroom,Clancy Dresser,DOV18005,10,Arriving On Arriving On 11/22/2024
Bedroom,Nixon Ottoman,DOV12137,1,Arriving On Arriving On 11/23/2024
Bedroom,Maidstone Bench,DOV12032,7,Arriving On Arriving On 10/08/2024
Bedroom,Tisbury Desk,BB023,25,
